Nome Autor,ABNT Longo,ABNT sem ponto,ABNT com ponto
Adacir Reis,"REIS, Adacir ","REIS, A ","REIS, A. "
Adilson Jose Campoy,"CAMPOY, Adilson Jose ","CAMPOY, A J ","CAMPOY, A. J. "
Adolpho Bergamini,"BERGAMINI, Adolpho ","BERGAMINI, A ","BERGAMINI, A. "
Adriana Valeria Pugliese,"PUGLIESE, Adriana Valeria ","PUGLIESE, A V ","PUGLIESE, A. V. "
Agnes Cretella,"CRETELLA, Agnes ","CRETELLA, A ","CRETELLA, A. "
Alamiro Velludo Salvador Netto,"NETTO, Alamiro Velludo Salvador ","NETTO, A V S ","NETTO, A. V. S. "
Alberto Gentil de Almeida Pedroso,"PEDROSO, Alberto Gentil de Almeida ","PEDROSO, A G A ","PEDROSO, A. G. A. "
Alberto Zacharias Toron,"TORON, Alberto Zacharias ","TORON, A Z ","TORON, A. Z. "
Alessandra Nascimento Silva,"SILVA, Alessandra Nascimento ","SILVA, A N ","SILVA, A. N. "
Alessandra Souza Costa,"COSTA, Alessandra Souza ","COSTA, A S ","COSTA, A. S. "
Alessandro Octaviani,"OCTAVIANI, Alessandro ","OCTAVIANI, A ","OCTAVIANI, A. "
Alexandre Freire,"FREIRE, Alexandre ","FREIRE, A ","FREIRE, A. "
Alexandre Junqueira Gomide,"GOMIDE, Alexandre Junqueira ","GOMIDE, A J ","GOMIDE, A. J. "
Alexandre Minati,"MINATI, Alexandre ","MINATI, A ","MINATI, A. "
Alexandre Sion,"SION, Alexandre ","SION, A ","SION, A. "
Alexsandro Silva Trindade,"TRINDADE, Alexsandro Silva ","TRINDADE, A S ","TRINDADE, A. S. "
Alfredo Assis Goncalves Neto,"GONCALVES NETO, Alfredo Assis ","GONCALVES NETO, A A ","GONCALVES NETO, A. A. "
Alfredo de Assis Goncalves Neto,"GONCALVES NETO, Alfredo de Assis ","GONCALVES NETO, A A ","GONCALVES NETO, A. A. "
Alfredo Rangel Ribeiro,"RIBEIRO, Alfredo Rangel ","RIBEIRO, A R ","RIBEIRO, A. R. "
Algusto Neves Dal Pozzo,"POZZO, Algusto Neves Dal ","POZZO, A N D ","POZZO, A. N. D. "
Aline Licia Klein,"KLEIN, Aline Licia ","KLEIN, A L ","KLEIN, A. L. "
Aloisio Zimmer,"ZIMMER, Aloisio ","ZIMMER, A ","ZIMMER, A. "
Aloisio Zimmer Junior,"ZIMMER JUNIOR, Aloisio ","ZIMMER JUNIOR, A ","ZIMMER JUNIOR, A. "
Amalia Rosa de Campos,"CAMPOS, Amalia Rosa de ","CAMPOS, A R ","CAMPOS, A. R. "
Amalia S. Botter Fabbri,"FABBRI, Amalia S. Botter ","FABBRI, A S B ","FABBRI, A. S. B. "
Amanda Flavio de Oliveira,"OLIVEIRA, Amanda Flavio de ","OLIVEIRA, A F ","OLIVEIRA, A. F. "
Ana Carolina Ribeiro de Oliveira Mendes,"MENDES, Ana Carolina Ribeiro de Oliveira ","MENDES, A C R O ","MENDES, A. C. R. O. "
Ana Claudia Brandao de Barros Correia Ferraz,"FERRAZ, Ana Claudia Brandao de Barros Correia ","FERRAZ, A C B B C ","FERRAZ, A. C. B. B. C. "
Ana Flavia Azevedo Pereira,"PEREIRA, Ana Flavia Azevedo ","PEREIRA, A F A ","PEREIRA, A. F. A. "
Ana Frazao,"FRAZAO, Ana ","FRAZAO, A ","FRAZAO, A. "
Ana Maria de Oliveira Nusdeo,"NUSDEO, Ana Maria de Oliveira ","NUSDEO, A M O ","NUSDEO, A. M. O. "
Ana Nunes,"NUNES, Ana ","NUNES, A ","NUNES, A. "
Ana Paula M. Canto de Lima,"LIMA, Ana Paula M. Canto de ","LIMA, A P M C ","LIMA, A. P. M. C. "
Ana Paula Oriola de Raeffray,"RAEFFRAY, Ana Paula Oriola de ","RAEFFRAY, A P O ","RAEFFRAY, A. P. O. "
Analluza Bolivar Dallari,"DALLARI, Analluza Bolivar ","DALLARI, A B ","DALLARI, A. B. "
Andre Antunes Soares de Camargo,"CAMARGO, Andre Antunes Soares de ","CAMARGO, A A S ","CAMARGO, A. A. S. "
Andre Castro Carvalho,"CARVALHO, Andre Castro ","CARVALHO, A C ","CARVALHO, A. C. "
Andre Franco Montoro,"MONTORO, Andre Franco ","MONTORO, A F ","MONTORO, A. F. "
Andre Luis Monteiro,"MONTEIRO, Andre Luis ","MONTEIRO, A L ","MONTEIRO, A. L. "
Andre Luiz dos Santos Nakamura,"NAKAMURA, Andre Luiz dos Santos ","NAKAMURA, A L S ","NAKAMURA, A. L. S. "
Andre Luiz Marcassa Filho,"MARCASSA FILHO, Andre Luiz ","MARCASSA FILHO, A L ","MARCASSA FILHO, A. L. "
Andre Perin Schmidt Neto,"SCHMIDT NETO, Andre Perin ","SCHMIDT NETO, A P ","SCHMIDT NETO, A. P. "
Andre Pessoa,"PESSOA, Andre ","PESSOA, A ","PESSOA, A. "
Andrea Elias da Costa,"COSTA, Andrea Elias da ","COSTA, A E ","COSTA, A. E. "
Andrea Mascitto,"MASCITTO, Andrea ","MASCITTO, A ","MASCITTO, A. "
Andrea Santos Gigliotti,"GIGLIOTTI, Andrea Santos ","GIGLIOTTI, A S ","GIGLIOTTI, A. S. "
Andrea Uemura Sotopietra,"SOTOPIETRA, Andrea Uemura ","SOTOPIETRA, A U ","SOTOPIETRA, A. U. "
Andreia Schneider Nunes Carvalhaes,"CARVALHAES, Andreia Schneider Nunes ","CARVALHAES, A S N ","CARVALHAES, A. S. N. "
Angelica Carlini,"CARLINI, Angelica ","CARLINI, A ","CARLINI, A. "
Anibal Sierralta Rios,"RIOS, Anibal Sierralta ","RIOS, A S ","RIOS, A. S. "
Anissara Toscan,"TOSCAN, Anissara ","TOSCAN, A ","TOSCAN, A. "
Antonia Espindola Longoni Klee,"KLEE, Antonia Espindola Longoni ","KLEE, A E L ","KLEE, A. E. L. "
Antonio Alves de Oliveira Neto,"OLIVEIRA NETO, Antonio Alves de ","OLIVEIRA NETO, A A ","OLIVEIRA NETO, A. A. "
Antonio Carlos Efing,"EFING, Antonio Carlos ","EFING, A C ","EFING, A. C. "
Antonio Herman Benjamin,"BENJAMIN, Antonio Herman ","BENJAMIN, A H ","BENJAMIN, A. H. "
Antonio Herman V. Benjamin,"BENJAMIN, Antonio Herman V. ","BENJAMIN, A H V ","BENJAMIN, A. H. V. "
Antonio Magalhaes Gomes Filho,"GOMES FILHO, Antonio Magalhaes ","GOMES FILHO, A M ","GOMES FILHO, A. M. "
Antonio Rigolin,"RIGOLIN, Antonio ","RIGOLIN, A ","RIGOLIN, A. "
Araken de Assis,"ASSIS, Araken de ","ASSIS, A ","ASSIS, A. "
Arlete Ines Aurelli,"AURELLI, Arlete Ines ","AURELLI, A I ","AURELLI, A. I. "
Arnaldo Rizzardo,"RIZZARDO, Arnaldo ","RIZZARDO, A ","RIZZARDO, A. "
Arruda Alvim,"ALVIM, Arruda ","ALVIM, A ","ALVIM, A. "
Artur Thompsen Carpes,"CARPES, Artur Thompsen ","CARPES, A T ","CARPES, A. T. "
Augusto Neves Dal Pozzo,"POZZO, Augusto Neves Dal ","POZZO, A N D ","POZZO, A. N. D. "
Bernardo de Azevedo e Souza,"SOUZA, Bernardo de Azevedo e ","SOUZA, B A ","SOUZA, B. A. "
Betina Trieger Grupenmacher,"GRUPENMACHER, Betina Trieger ","GRUPENMACHER, B T ","GRUPENMACHER, B. T. "
Bianca Mollicone,"MOLLICONE, Bianca ","MOLLICONE, B ","MOLLICONE, B. "
Bruno Barata,"BARATA, Bruno ","BARATA, B ","BARATA, B. "
Bruno Feigelson,"FEIGELSON, Bruno ","FEIGELSON, B ","FEIGELSON, B. "
Bruno Grego-Santos,"GREGO-SANTOS, Bruno ","GREGO-SANTOS, B ","GREGO-SANTOS, B. "
Bruno Meneses Lorenzetto,"LORENZETTO, Bruno Meneses ","LORENZETTO, B M ","LORENZETTO, B. M. "
Bruno Miragem,"MIRAGEM, Bruno ","MIRAGEM, B ","MIRAGEM, B. "
Bruno Oliveira Maggi,"MAGGI, Bruno Oliveira ","MAGGI, B O ","MAGGI, B. O. "
Bruno Pedro Bom,"BOM, Bruno Pedro ","BOM, B P ","BOM, B. P. "
Bruno Vinicius da Ros Bodart,"BODART, Bruno Vinicius da Ros ","BODART, B V R ","BODART, B. V. R. "
Caio Cesar de Oliveira,"OLIVEIRA, Caio Cesar de ","OLIVEIRA, C C ","OLIVEIRA, C. C. "
Caitlin Mulholland,"MULHOLLAND, Caitlin ","MULHOLLAND, C ","MULHOLLAND, C. "
Caleb Matheus Ribeiro de Miranda,"MIRANDA, Caleb Matheus Ribeiro de ","MIRANDA, C M R ","MIRANDA, C. M. R. "
Calil Simao,"SIMAO, Calil ","SIMAO, C ","SIMAO, C. "
Camila Campos Vergueiro,"VERGUEIRO, Camila Campos ","VERGUEIRO, C C ","VERGUEIRO, C. C. "
Carla Watanabe,"WATANABE, Carla ","WATANABE, C ","WATANABE, C. "
Carlos Affonso Souza,"SOUZA, Carlos Affonso ","SOUZA, C A ","SOUZA, C. A. "
Carlos Ari Sundfeld,"SUNDFELD, Carlos Ari ","SUNDFELD, C A ","SUNDFELD, C. A. "
Carlos Eduardo Dieder Reverbel,"REVERBEL, Carlos Eduardo Dieder ","REVERBEL, C E D ","REVERBEL, C. E. D. "
Carlos Eduardo Rangel Xavier,"XAVIER, Carlos Eduardo Rangel ","XAVIER, C E R ","XAVIER, C. E. R. "
Carlos Ragazzo,"RAGAZZO, Carlos ","RAGAZZO, C ","RAGAZZO, C. "
Carlos Roberto de Moraes,"MORAES, Carlos Roberto de ","MORAES, C R ","MORAES, C. R. "
Carmina Bezerra Hissa,"HISSA, Carmina Bezerra ","HISSA, C B ","HISSA, C. B. "
Carolina Baracat Mokarzel de Luca,"LUCA, Carolina Baracat Mokarzel de ","LUCA, C B M ","LUCA, C. B. M. "
Celina Bottino,"BOTTINO, Celina ","BOTTINO, C ","BOTTINO, C. "
Celso Maziteli Neto,"MAZITELI NETO, Celso ","MAZITELI NETO, C ","MAZITELI NETO, C. "
Cesar Fiuza,"FIUZA, Cesar ","FIUZA, C ","FIUZA, C. "
Cesar Zucatti Pritsch,"PRITSCH, Cesar Zucatti ","PRITSCH, C Z ","PRITSCH, C. Z. "
Cesare Beccaria,"BECCARIA, Cesare ","BECCARIA, C ","BECCARIA, C. "
Chiara Spadaccini de Teffe,"TEFFE, Chiara Spadaccini de ","TEFFE, C S ","TEFFE, C. S. "
Cintia Ramos Falcao,"FALCAO, Cintia Ramos ","FALCAO, C R ","FALCAO, C. R. "
Ciro DI Benatti Galvao,"GALVAO, Ciro DI Benatti ","GALVAO, C D B ","GALVAO, C. D. B. "
Clarissa Costa de Lima,"LIMA, Clarissa Costa de ","LIMA, C C ","LIMA, C. C. "
Claudia Lima Marques,"MARQUES, Claudia Lima ","MARQUES, C L ","MARQUES, C. L. "
Claudia Marchetti da Silva,"SILVA, Claudia Marchetti da ","SILVA, C M ","SILVA, C. M. "
Claudio Seefelder,"SEEFELDER, Claudio ","SEEFELDER, C ","SEEFELDER, C. "
Claudio Xavier Seefelder Filho,"SEEFELDER FILHO, Claudio Xavier ","SEEFELDER FILHO, C X ","SEEFELDER FILHO, C. X. "
Clayton Maranhao,"MARANHAO, Clayton ","MARANHAO, C ","MARANHAO, C. "
Clayton Reis,"REIS, Clayton ","REIS, C ","REIS, C. "
Clemerson Merlin Cleve,"CLEVE, Clemerson Merlin ","CLEVE, C M ","CLEVE, C. M. "
Cleverton Cremonese de Souza,"SOUZA, Cleverton Cremonese de ","SOUZA, C C ","SOUZA, C. C. "
Cristiano Heineck Schmitt,"SCHMITT, Cristiano Heineck ","SCHMITT, C H ","SCHMITT, C. H. "
Cristina de Maglie,"MAGLIE, Cristina de ","MAGLIE, C ","MAGLIE, C. "
Curt Trennepohl,"TRENNEPOHL, Curt ","TRENNEPOHL, C ","TRENNEPOHL, C. "
Daniel Becker,"BECKER, Daniel ","BECKER, D ","BECKER, D. "
Daniel Colnago Rodrigues,"RODRIGUES, Daniel Colnago ","RODRIGUES, D C ","RODRIGUES, D. C. "
Daniel de Paiva Gomes,"GOMES, Daniel de Paiva ","GOMES, D P ","GOMES, D. P. "
Daniel Dias,"DIAS, Daniel ","DIAS, D ","DIAS, D. "
Daniel Levy,"LEVY, Daniel ","LEVY, D ","LEVY, D. "
Daniel Menegassi Zotareli,"ZOTARELI, Daniel Menegassi ","ZOTARELI, D M ","ZOTARELI, D. M. "
Daniel Mitideiro,"MITIDEIRO, Daniel ","MITIDEIRO, D ","MITIDEIRO, D. "
Daniel Mitidiero,"MITIDIERO, Daniel ","MITIDIERO, D ","MITIDIERO, D. "
Daniel Ribeiro Surdi de Avelar,"AVELAR, Daniel Ribeiro Surdi de ","AVELAR, D R S ","AVELAR, D. R. S. "
Daniela Geovanini,"GEOVANINI, Daniela ","GEOVANINI, D ","GEOVANINI, D. "
Daniela Silveira Lara,"LARA, Daniela Silveira ","LARA, D S ","LARA, D. S. "
Danilo Doneda,"DONEDA, Danilo ","DONEDA, D ","DONEDA, D. "
Danilo Goncalves Gaspar,"GASPAR, Danilo Goncalves ","GASPAR, D G ","GASPAR, D. G. "
Danilo Knijnik,"KNIJNIK, Danilo ","KNIJNIK, D ","KNIJNIK, D. "
Danilo Uler Corregliano,"CORREGLIANO, Danilo Uler ","CORREGLIANO, D U ","CORREGLIANO, D. U. "
Danilo Vieira Vilela,"VILELA, Danilo Vieira ","VILELA, D V ","VILELA, D. V. "
Delton Winter de Carvalho,"CARVALHO, Delton Winter de ","CARVALHO, D W ","CARVALHO, D. W. "
Denise de Souza Luiz Francoski,"FRANCOSKI, Denise de Souza Luiz ","FRANCOSKI, D S L ","FRANCOSKI, D. S. L. "
Denise Fincato,"FINCATO, Denise ","FINCATO, D ","FINCATO, D. "
Diego Franzoni,"FRANZONI, Diego ","FRANZONI, D ","FRANZONI, D. "
Diego Machado,"MACHADO, Diego ","MACHADO, D ","MACHADO, D. "
Diogenes Faria de Carvalho,"CARVALHO, Diogenes Faria de ","CARVALHO, D F ","CARVALHO, D. F. "
Diogo Leite de Campos,"CAMPOS, Diogo Leite de ","CAMPOS, D L ","CAMPOS, D. L. "
Diogo Rais,"RAIS, Diogo ","RAIS, D ","RAIS, D. "
Diogo Zelak Agottani,"AGOTTANI, Diogo Zelak ","AGOTTANI, D Z ","AGOTTANI, D. Z. "
Domingo Montanaro,"MONTANARO, Domingo ","MONTANARO, D ","MONTANARO, D. "
Edilson Vitorelli,"VITORELLI, Edilson ","VITORELLI, E ","VITORELLI, E. "
Édis Milare,"MILARE, Édis ","MILARE, É ","MILARE, É. "
Editora RT,"RT, Editora ","RT, E ","RT, E. "
Editorial RT,"RT, Editorial ","RT, E ","RT, E. "
Eduardo Arruda Alvim,"ALVIM, Eduardo Arruda ","ALVIM, E A ","ALVIM, E. A. "
Eduardo Bruzzi,"BRUZZI, Eduardo ","BRUZZI, E ","BRUZZI, E. "
Eduardo Cambi,"CAMBI, Eduardo ","CAMBI, E ","CAMBI, E. "
Eduardo de Avelar Lamy,"LAMY, Eduardo de Avelar ","LAMY, E A ","LAMY, E. A. "
Eduardo Felipe P. Matias,"MATIAS, Eduardo Felipe P. ","MATIAS, E F P ","MATIAS, E. F. P. "
Eduardo Fortunato Bim,"BIM, Eduardo Fortunato ","BIM, E F ","BIM, E. F. "
Eduardo Henrik Aubert,"AUBERT, Eduardo Henrik ","AUBERT, E H ","AUBERT, E. H. "
Eduardo Lamy,"LAMY, Eduardo ","LAMY, E ","LAMY, E. "
Eduardo Saad-Diniz,"SAAD-DINIZ, Eduardo ","SAAD-DINIZ, E ","SAAD-DINIZ, E. "
Eduardo Talamini,"TALAMINI, Eduardo ","TALAMINI, E ","TALAMINI, E. "
Egon Bockmann Moreira,"MOREIRA, Egon Bockmann ","MOREIRA, E B ","MOREIRA, E. B. "
Eliana Calmon Alves,"ALVES, Eliana Calmon ","ALVES, E C ","ALVES, E. C. "
Eliana Lorenzato Marconi,"MARCONI, Eliana Lorenzato ","MARCONI, E L ","MARCONI, E. L. "
Eneas Costa Garcia,"GARCIA, Eneas Costa ","GARCIA, E C ","GARCIA, E. C. "
Eneida Desiree Salgado,"SALGADO, Eneida Desiree ","SALGADO, E D ","SALGADO, E. D. "
Enio Luiz Rossetto,"ROSSETTO, Enio Luiz ","ROSSETTO, E L ","ROSSETTO, E. L. "
Enio Rossetto,"ROSSETTO, Enio ","ROSSETTO, E ","ROSSETTO, E. "
Equipe Revista dos Tribunais,"TRIBUNAIS, Equipe Revista dos ","TRIBUNAIS, E R ","TRIBUNAIS, E. R. "
Equipe RT,"RT, Equipe ","RT, E ","RT, E. "
Erasmo Valladao Azevedo e Novaes Franca,"FRANCA, Erasmo Valladao Azevedo e Novaes ","FRANCA, E V A N ","FRANCA, E. V. A. N. "
Erica do Amaral Matos,"MATOS, Erica do Amaral ","MATOS, E A ","MATOS, E. A. "
Érica Trinca Caires,"CAIRES, Érica Trinca ","CAIRES, É T ","CAIRES, É. T. "
Erik Frederico Oioli,"OIOLI, Erik Frederico ","OIOLI, E F ","OIOLI, E. F. "
Erik Navarro Wolkart,"WOLKART, Erik Navarro ","WOLKART, E N ","WOLKART, E. N. "
Erika Mayumi Moreira da Silva,"SILVA, Erika Mayumi Moreira da ","SILVA, E M M ","SILVA, E. M. M. "
Eurico Marcos Diniz de Santi,"SANTI, Eurico Marcos Diniz de ","SANTI, E M D ","SANTI, E. M. D. "
Evandro Fabiani Capano,"CAPANO, Evandro Fabiani ","CAPANO, E F ","CAPANO, E. F. "
Everaldo Augusto Cambler,"CAMBLER, Everaldo Augusto ","CAMBLER, E A ","CAMBLER, E. A. "
Everaldo Cambler,"CAMBLER, Everaldo ","CAMBLER, E ","CAMBLER, E. "
Ezequiel Morais,"MORAIS, Ezequiel ","MORAIS, E ","MORAIS, E. "
Fabiano Coelho,"COELHO, Fabiano ","COELHO, F ","COELHO, F. "
Fabio Caldas de Araujo,"ARAUJO, Fabio Caldas de ","ARAUJO, F C ","ARAUJO, F. C. "
Fabio Medina Osorio,"OSORIO, Fabio Medina ","OSORIO, F M ","OSORIO, F. M. "
Fabio Nusdeo,"NUSDEO, Fabio ","NUSDEO, F ","NUSDEO, F. "
Fabio Pallaretti Calcini,"CALCINI, Fabio Pallaretti ","CALCINI, F P ","CALCINI, F. P. "
Fabio Ulhoa Coelho,"COELHO, Fabio Ulhoa ","COELHO, F U ","COELHO, F. U. "
Fabricio Bittencourt da Cruz,"CRUZ, Fabricio Bittencourt da ","CRUZ, F B ","CRUZ, F. B. "
Fabricio Germano Alves,"ALVES, Fabricio Germano ","ALVES, F G ","ALVES, F. G. "
Fabricio Motta,"MOTTA, Fabricio ","MOTTA, F ","MOTTA, F. "
Felipe Esmanhoto Mateo,"MATEO, Felipe Esmanhoto ","MATEO, F E ","MATEO, F. E. "
Felipe Faiwichow Estefam,"ESTEFAM, Felipe Faiwichow ","ESTEFAM, F F ","ESTEFAM, F. F. "
Felipe Palhares,"PALHARES, Felipe ","PALHARES, F ","PALHARES, F. "
Fernanda Antunes Marques Junqueira,"JUNQUEIRA, Fernanda Antunes Marques ","JUNQUEIRA, F A M ","JUNQUEIRA, F. A. M. "
Fernando Alves Montanari,"MONTANARI, Fernando Alves ","MONTANARI, F A ","MONTANARI, F. A. "
Fernando Antonio Maia da Cunha,"CUNHA, Fernando Antonio Maia da ","CUNHA, F A M ","CUNHA, F. A. M. "
Fernando Antonio Tasso,"TASSO, Fernando Antonio ","TASSO, F A ","TASSO, F. A. "
Fernando Buscher Von Teschenhausen Eberlin,"EBERLIN, Fernando Buscher Von Teschenhausen ","EBERLIN, F B V T ","EBERLIN, F. B. V. T. "
Fernando da Fonseca Gajardoni,"GAJARDONI, Fernando da Fonseca ","GAJARDONI, F F ","GAJARDONI, F. F. "
Fernando Dias Menezes de Almeida,"ALMEIDA, Fernando Dias Menezes de ","ALMEIDA, F D M ","ALMEIDA, F. D. M. "
Fernando Domingos Carvalho Blasco,"BLASCO, Fernando Domingos Carvalho ","BLASCO, F D C ","BLASCO, F. D. C. "
Fernando Facury Scaff,"SCAFF, Fernando Facury ","SCAFF, F F ","SCAFF, F. F. "
Fernando Fita Ortega,"ORTEGA, Fernando Fita ","ORTEGA, F F ","ORTEGA, F. F. "
Fernando Gentil Gizzi de Almeida Pedroso,"PEDROSO, Fernando Gentil Gizzi de Almeida ","PEDROSO, F G G A ","PEDROSO, F. G. G. A. "
Fernando Kuyven,"KUYVEN, Fernando ","KUYVEN, F ","KUYVEN, F. "
Fernando Pompeu Luccas,"LUCCAS, Fernando Pompeu ","LUCCAS, F P ","LUCCAS, F. P. "
Fernando Quadros da Silva,"SILVA, Fernando Quadros da ","SILVA, F Q ","SILVA, F. Q. "
Fernando Reverendo Vidal Akaoui,"AKAOUI, Fernando Reverendo Vidal ","AKAOUI, F R V ","AKAOUI, F. R. V. "
Fernando Tardioli,"TARDIOLI, Fernando ","TARDIOLI, F ","TARDIOLI, F. "
Fernando Villela de Andrade Vianna,"VIANNA, Fernando Villela de Andrade ","VIANNA, F V A ","VIANNA, F. V. A. "
Figueiredo Mourao,"MOURAO, Figueiredo ","MOURAO, F ","MOURAO, F. "
Flavia de Almeida Silva,"SILVA, Flavia de Almeida ","SILVA, F A ","SILVA, F. A. "
Flavia Palmeira de Moura Coelho,"COELHO, Flavia Palmeira de Moura ","COELHO, F P M ","COELHO, F. P. M. "
Flavio da Costa Higa,"HIGA, Flavio da Costa ","HIGA, F C ","HIGA, F. C. "
Flavio de Leao Bastos Pereira,"PEREIRA, Flavio de Leao Bastos ","PEREIRA, F L B ","PEREIRA, F. L. B. "
Flavio Luiz Yarshell,"YARSHELL, Flavio Luiz ","YARSHELL, F L ","YARSHELL, F. L. "
Floriano Peixoto Azevedo Marques Neto,"MARQUES NETO, Floriano Peixoto Azevedo ","MARQUES NETO, F P A ","MARQUES NETO, F. P. A. "
Floriano Peixoto Marques Neto,"MARQUES NETO, Floriano Peixoto ","MARQUES NETO, F P ","MARQUES NETO, F. P. "
Francisco de Mesquita Laux,"LAUX, Francisco de Mesquita ","LAUX, F M ","LAUX, F. M. "
Francisco Jose Cahali,"CAHALI, Francisco Jose ","CAHALI, F J ","CAHALI, F. J. "
Francisco Jose de Almeida Prado Ferraz Costa Junior,"COSTA JUNIOR, Francisco Jose de Almeida Prado Ferraz ","COSTA JUNIOR, F J A P F ","COSTA JUNIOR, F. J. A. P. F. "
Francisco Leite Duarte,"DUARTE, Francisco Leite ","DUARTE, F L ","DUARTE, F. L. "
Francisco Octavio de Almeida Prado Filho,"PRADO FILHO, Francisco Octavio de Almeida ","PRADO FILHO, F O A ","PRADO FILHO, F. O. A. "
Francisco Zardo,"ZARDO, Francisco ","ZARDO, F ","ZARDO, F. "
Fredie Didier Jr.,"JR., Fredie Didier ","JR, F D ","JR., F. D. "
Gabriel Adriasola,"ADRIASOLA, Gabriel ","ADRIASOLA, G ","ADRIASOLA, G. "
Gabriel Lino de Paula Pires,"PIRES, Gabriel Lino de Paula ","PIRES, G L P ","PIRES, G. L. P. "
Gabriel Vinicius Carmona Goncalves,"GONCALVES, Gabriel Vinicius Carmona ","GONCALVES, G V C ","GONCALVES, G. V. C. "
Gabriela Alves Campos Marques,"MARQUES, Gabriela Alves Campos ","MARQUES, G A C ","MARQUES, G. A. C. "
Gabriela Marques,"MARQUES, Gabriela ","MARQUES, G ","MARQUES, G. "
Geancarlos Lacerda Prata,"PRATA, Geancarlos Lacerda ","PRATA, G L ","PRATA, G. L. "
George Salomao Leite,"LEITE, George Salomao ","LEITE, G S ","LEITE, G. S. "
Georges Abboud,"ABBOUD, Georges ","ABBOUD, G ","ABBOUD, G. "
Gilberto Burschi,"BURSCHI, Gilberto ","BURSCHI, G ","BURSCHI, G. "
Gilberto Gomes Bruschi,"BRUSCHI, Gilberto Gomes ","BRUSCHI, G G ","BRUSCHI, G. G. "
Giovani dos Santos Ravagnani,"RAVAGNANI, Giovani dos Santos ","RAVAGNANI, G S ","RAVAGNANI, G. S. "
Giovani Ravagnani,"RAVAGNANI, Giovani ","RAVAGNANI, G ","RAVAGNANI, G. "
Gisele Barra Bossa,"BOSSA, Gisele Barra ","BOSSA, G B ","BOSSA, G. B. "
Gisele Calderari Cossi,"COSSI, Gisele Calderari ","COSSI, G C ","COSSI, G. C. "
Gisele Mazzoni Welsch,"WELSCH, Gisele Mazzoni ","WELSCH, G M ","WELSCH, G. M. "
Giuliano Giova,"GIOVA, Giuliano ","GIOVA, G ","GIOVA, G. "
Giuseppe Ludovico,"LUDOVICO, Giuseppe ","LUDOVICO, G ","LUDOVICO, G. "
Graziela Argenta Zaneti,"ZANETI, Graziela Argenta ","ZANETI, G A ","ZANETI, G. A. "
Guilherme Calmon Nogueira da Gama,"GAMA, Guilherme Calmon Nogueira da ","GAMA, G C N ","GAMA, G. C. N. "
Guilherme Guimaraes Feliciano,"FELICIANO, Guilherme Guimaraes ","FELICIANO, G G ","FELICIANO, G. G. "
Guilherme Madeira Dezem,"DEZEM, Guilherme Madeira ","DEZEM, G M ","DEZEM, G. M. "
Guilherme Magalhaes Martins,"MARTINS, Guilherme Magalhaes ","MARTINS, G M ","MARTINS, G. M. "
Guilherme Mucelim,"MUCELIM, Guilherme ","MUCELIM, G ","MUCELIM, G. "
Guilherme Mucelin,"MUCELIN, Guilherme ","MUCELIN, G ","MUCELIN, G. "
Guilherme Rizzo Amaral,"AMARAL, Guilherme Rizzo ","AMARAL, G R ","AMARAL, G. R. "
Guilherme Setoguti J. Pereira,"PEREIRA, Guilherme Setoguti J. ","PEREIRA, G S J ","PEREIRA, G. S. J. "
Guilherme Setogutti J. Pereira,"PEREIRA, Guilherme Setogutti J. ","PEREIRA, G S J ","PEREIRA, G. S. J. "
Gustavo Badaro,"BADARO, Gustavo ","BADARO, G ","BADARO, G. "
Gustavo Ferraz de Campos Monaco,"MONACO, Gustavo Ferraz de Campos ","MONACO, G F C ","MONACO, G. F. C. "
Gustavo Fossati,"FOSSATI, Gustavo ","FOSSATI, G ","FOSSATI, G. "
Gustavo Haical,"HAICAL, Gustavo ","HAICAL, G ","HAICAL, G. "
Gustavo Henrique Badaro,"BADARO, Gustavo Henrique ","BADARO, G H ","BADARO, G. H. "
Gustavo Henrique Righi Ivahy Badaro,"BADARO, Gustavo Henrique Righi Ivahy ","BADARO, G H R I ","BADARO, G. H. R. I. "
Gustavo Justino de Oliveira,"OLIVEIRA, Gustavo Justino de ","OLIVEIRA, G J ","OLIVEIRA, G. J. "
Gustavo Mascarenhas Lacerda Pedrina,"PEDRINA, Gustavo Mascarenhas Lacerda ","PEDRINA, G M L ","PEDRINA, G. M. L. "
Gustavo Osna,"OSNA, Gustavo ","OSNA, G ","OSNA, G. "
Halley Henares Neto,"HENARES NETO, Halley ","HENARES NETO, H ","HENARES NETO, H. "
Hector Valverde Santana,"SANTANA, Hector Valverde ","SANTANA, H V ","SANTANA, H. V. "
Heitor Vitor Mendonca Sica,"SICA, Heitor Vitor Mendonca ","SICA, H V M ","SICA, H. V. M. "
Heleno Tavares Torres,"TORRES, Heleno Tavares ","TORRES, H T ","TORRES, H. T. "
Heleno Taveira Torres,"TORRES, Heleno Taveira ","TORRES, H T ","TORRES, H. T. "
Henrique Fabretti Moraes,"MORAES, Henrique Fabretti ","MORAES, H F ","MORAES, H. F. "
Henrique Savonitti Miranda,"MIRANDA, Henrique Savonitti ","MIRANDA, H S ","MIRANDA, H. S. "
Henry Carlos Fernandes Antunes,"ANTUNES, Henry Carlos Fernandes ","ANTUNES, H C F ","ANTUNES, H. C. F. "
Hermes Zaneti Jr.,"JR., Hermes Zaneti ","JR, H Z ","JR., H. Z. "
Homero Batista Mateus da Silva,"SILVA, Homero Batista Mateus da ","SILVA, H B M ","SILVA, H. B. M. "
Hugo A. Acciarri,"ACCIARRI, Hugo A. ","ACCIARRI, H A ","ACCIARRI, H. A. "
Igor Martins da Cunha,"CUNHA, Igor Martins da ","CUNHA, I M ","CUNHA, I. M. "
Igor Sant’Anna Tamasauskas,"TAMASAUSKAS, Igor Sant’Anna ","TAMASAUSKAS, I S ","TAMASAUSKAS, I. S. "
Ilan Goldberg,"GOLDBERG, Ilan ","GOLDBERG, I ","GOLDBERG, I. "
Ingo Wolfgang Sarlet,"SARLET, Ingo Wolfgang ","SARLET, I W ","SARLET, I. W. "
Ingrid Barbosa Oliveira,"OLIVEIRA, Ingrid Barbosa ","OLIVEIRA, I B ","OLIVEIRA, I. B. "
Irene Patricia Diom Nohara,"NOHARA, Irene Patricia Diom ","NOHARA, I P D ","NOHARA, I. P. D. "
Irene Patricia Nohara,"NOHARA, Irene Patricia ","NOHARA, I P ","NOHARA, I. P. "
Irineu Galeski Junior,"GALESKI JUNIOR, Irineu ","GALESKI JUNIOR, I ","GALESKI JUNIOR, I. "
Isabela Ferrari,"FERRARI, Isabela ","FERRARI, I ","FERRARI, I. "
Ítalo Menezes de Castro,"CASTRO, Ítalo Menezes de ","CASTRO, Í M ","CASTRO, Í. M. "
Ivan Jacopetti do Lago,"LAGO, Ivan Jacopetti do ","LAGO, I J ","LAGO, I. J. "
Ivan Luis Marques da Silva,"SILVA, Ivan Luis Marques da ","SILVA, I L M ","SILVA, I. L. M. "
Ivan Marques,"MARQUES, Ivan ","MARQUES, I ","MARQUES, I. "
Ives Gandra da Silva Martins,"MARTINS, Ives Gandra da Silva ","MARTINS, I G S ","MARTINS, I. G. S. "
J. Cretella Junior,"CRETELLA JUNIOR, J. ","CRETELLA JUNIOR, J ","CRETELLA JUNIOR, J. "
Jacintho Arruda Camara,"CAMARA, Jacintho Arruda ","CAMARA, J A ","CAMARA, J. A. "
Jaime Fernandez Madero,"MADERO, Jaime Fernandez ","MADERO, J F ","MADERO, J. F. "
James J. Marins de Souza,"SOUZA, James J. Marins de ","SOUZA, J J M ","SOUZA, J. J. M. "
Jaques de Camargo Penteado,"PENTEADO, Jaques de Camargo ","PENTEADO, J C ","PENTEADO, J. C. "
Jean-Jacques Rousseau,"ROUSSEAU, Jean-Jacques ","ROUSSEAU, J ","ROUSSEAU, J. "
Jefferson Carus Guedes,"GUEDES, Jefferson Carus ","GUEDES, J C ","GUEDES, J. C. "
Jessica Gomes da Mata,"MATA, Jessica Gomes da ","MATA, J G ","MATA, J. G. "
Joana Bete Chaves de Azevedo,"AZEVEDO, Joana Bete Chaves de ","AZEVEDO, J B C ","AZEVEDO, J. B. C. "
Joana Setzer,"SETZER, Joana ","SETZER, J ","SETZER, J. "
Joao Canovas Bottazzo Ganacin,"GANACIN, Joao Canovas Bottazzo ","GANACIN, J C B ","GANACIN, J. C. B. "
Joao Francisco Bianco,"BIANCO, Joao Francisco ","BIANCO, J F ","BIANCO, J. F. "
Joao Santa Terra Junior,"TERRA JUNIOR, Joao Santa ","TERRA JUNIOR, J S ","TERRA JUNIOR, J. S. "
Jordi Ferrer Beltran,"BELTRAN, Jordi Ferrer ","BELTRAN, J F ","BELTRAN, J. F. "
Jorge Alves Correia,"CORREIA, Jorge Alves ","CORREIA, J A ","CORREIA, J. A. "
Jorge Cavalcanti Boucinhas Filho,"BOUCINHAS FILHO, Jorge Cavalcanti ","BOUCINHAS FILHO, J C ","BOUCINHAS FILHO, J. C. "
Jose Ailton Garcia,"GARCIA, Jose Ailton ","GARCIA, J A ","GARCIA, J. A. "
Jose Alexandre Manzano Oliani,"OLIANI, Jose Alexandre Manzano ","OLIANI, J A M ","OLIANI, J. A. M. "
Jose Alves Ribeiro Junior,"RIBEIRO JUNIOR, Jose Alves ","RIBEIRO JUNIOR, J A ","RIBEIRO JUNIOR, J. A. "
Jose Americo Zampar Junior,"ZAMPAR JUNIOR, Jose Americo ","ZAMPAR JUNIOR, J A ","ZAMPAR JUNIOR, J. A. "
Jose Anacleto Abduch Santos,"SANTOS, Jose Anacleto Abduch ","SANTOS, J A A ","SANTOS, J. A. A. "
Jose Antonio Patrocinio,"PATROCINIO, Jose Antonio ","PATROCINIO, J A ","PATROCINIO, J. A. "
Jose Carlos Goncalves Xavier de Aquino,"AQUINO, Jose Carlos Goncalves Xavier de ","AQUINO, J C G X ","AQUINO, J. C. G. X. "
Jose Cretella Neto,"CRETELLA NETO, Jose ","CRETELLA NETO, J ","CRETELLA NETO, J. "
Jose dos Santos Carvalho Filho,"CARVALHO FILHO, Jose dos Santos ","CARVALHO FILHO, J S ","CARVALHO FILHO, J. S. "
Jose Flavio Bianchi,"BIANCHI, Jose Flavio ","BIANCHI, J F ","BIANCHI, J. F. "
Jose Inacio Gonzaga Franceschini,"FRANCESCHINI, Jose Inacio Gonzaga ","FRANCESCHINI, J I G ","FRANCESCHINI, J. I. G. "
Jose Manoel de Arruda Alvim,"ALVIM, Jose Manoel de Arruda ","ALVIM, J M A ","ALVIM, J. M. A. "
Jose Marcelo Ferreira Costa,"COSTA, Jose Marcelo Ferreira ","COSTA, J M F ","COSTA, J. M. F. "
Jose Marcelo Tossi Silva,"SILVA, Jose Marcelo Tossi ","SILVA, J M T ","SILVA, J. M. T. "
Jose Mauricio Conti,"CONTI, Jose Mauricio ","CONTI, J M ","CONTI, J. M. "
Jose Miguel Garcia Medina,"MEDINA, Jose Miguel Garcia ","MEDINA, J M G ","MEDINA, J. M. G. "
Jose Osorio do Nascimento Neto,"NASCIMENTO NETO, Jose Osorio do ","NASCIMENTO NETO, J O ","NASCIMENTO NETO, J. O. "
Jose Paulo Graciotti,"GRACIOTTI, Jose Paulo ","GRACIOTTI, J P ","GRACIOTTI, J. P. "
Jose Renato Nalini,"NALINI, Jose Renato ","NALINI, J R ","NALINI, J. R. "
Jose Roberto dos Santos Bedaque,"BEDAQUE, Jose Roberto dos Santos ","BEDAQUE, J R S ","BEDAQUE, J. R. S. "
Jose Rogerio Cruz e Tucci,"TUCCI, Jose Rogerio Cruz e ","TUCCI, J R C ","TUCCI, J. R. C. "
Josue Modesto Passos,"PASSOS, Josue Modesto ","PASSOS, J M ","PASSOS, J. M. "
Julia Claudia Rodrigues da Cunha Mota,"MOTA, Julia Claudia Rodrigues da Cunha ","MOTA, J C R C ","MOTA, J. C. R. C. "
Juliana Carolina Frutuoso Bizarria,"BIZARRIA, Juliana Carolina Frutuoso ","BIZARRIA, J C F ","BIZARRIA, J. C. F. "
Juliana Furtado Costa Araujo,"ARAUJO, Juliana Furtado Costa ","ARAUJO, J F C ","ARAUJO, J. F. C. "
Juliano Breda,"BREDA, Juliano ","BREDA, J ","BREDA, J. "
Julio Guilherme Muller,"MULLER, Julio Guilherme ","MULLER, J G ","MULLER, J. G. "
Kamyla Cunha,"CUNHA, Kamyla ","CUNHA, K ","CUNHA, K. "
Kareen Zanotti de Munno,"MUNNO, Kareen Zanotti de ","MUNNO, K Z ","MUNNO, K. Z. "
Karen Rick Danilevicz Bertoncello,"BERTONCELLO, Karen Rick Danilevicz ","BERTONCELLO, K R D ","BERTONCELLO, K. R. D. "
Karine Maria Famer Rocha Boselli,"BOSELLI, Karine Maria Famer Rocha ","BOSELLI, K M F R ","BOSELLI, K. M. F. R. "
Katia Cristina Silencio Possar,"POSSAR, Katia Cristina Silencio ","POSSAR, K C S ","POSSAR, K. C. S. "
Klaus Bosselmann,"BOSSELMANN, Klaus ","BOSSELMANN, K ","BOSSELMANN, K. "
Lais Bergstein,"BERGSTEIN, Lais ","BERGSTEIN, L ","BERGSTEIN, L. "
Lara Correa Sabino Bresciani,"BRESCIANI, Lara Correa Sabino ","BRESCIANI, L C S ","BRESCIANI, L. C. S. "
Leandro Teodoro Andrade,"ANDRADE, Leandro Teodoro ","ANDRADE, L T ","ANDRADE, L. T. "
Lenio Luiz Streck,"STRECK, Lenio Luiz ","STRECK, L L ","STRECK, L. L. "
Lenio Streck,"STRECK, Lenio ","STRECK, L ","STRECK, L. "
Leonard Schmitz,"SCHMITZ, Leonard ","SCHMITZ, L ","SCHMITZ, L. "
Leonard Ziesemer Schmitz,"SCHMITZ, Leonard Ziesemer ","SCHMITZ, L Z ","SCHMITZ, L. Z. "
Leonardo Brandelli,"BRANDELLI, Leonardo ","BRANDELLI, L ","BRANDELLI, L. "
Leonardo Carneiro da Cunha,"CUNHA, Leonardo Carneiro da ","CUNHA, L C ","CUNHA, L. C. "
Leonardo Fajngold,"FAJNGOLD, Leonardo ","FAJNGOLD, L ","FAJNGOLD, L. "
Leonardo Roscoe Bessa,"BESSA, Leonardo Roscoe ","BESSA, L R ","BESSA, L. R. "
Leonardo Stocker Pereira da Cunha,"CUNHA, Leonardo Stocker Pereira da ","CUNHA, L S P ","CUNHA, L. S. P. "
Leone Pereira,"PEREIRA, Leone ","PEREIRA, L ","PEREIRA, L. "
Leticia Araujo Faria,"FARIA, Leticia Araujo ","FARIA, L A ","FARIA, L. A. "
Leticia Caroline Meo,"MEO, Leticia Caroline ","MEO, L C ","MEO, L. C. "
Lia Carolina Batista Cintra,"CINTRA, Lia Carolina Batista ","CINTRA, L C B ","CINTRA, L. C. B. "
Livia Goncalves Buzolin,"BUZOLIN, Livia Goncalves ","BUZOLIN, L G ","BUZOLIN, L. G. "
Lorruane Matuszewski Machado,"MACHADO, Lorruane Matuszewski ","MACHADO, L M ","MACHADO, L. M. "
Luana Pedrosa de Figueiredo Cruz,"CRUZ, Luana Pedrosa de Figueiredo ","CRUZ, L P F ","CRUZ, L. P. F. "
Lucas Bossoni Saikali,"SAIKALI, Lucas Bossoni ","SAIKALI, L B ","SAIKALI, L. B. "
Lucas Britto Mejias,"MEJIAS, Lucas Britto ","MEJIAS, L B ","MEJIAS, L. B. "
Lucas Caminha,"CAMINHA, Lucas ","CAMINHA, L ","CAMINHA, L. "
Luciana Gaspar Melquiades Duartes,"DUARTES, Luciana Gaspar Melquiades ","DUARTES, L G M ","DUARTES, L. G. M. "
Luciane Cardoso Barzotto,"BARZOTTO, Luciane Cardoso ","BARZOTTO, L C ","BARZOTTO, L. C. "
Luciano Anderson de Souza,"SOUZA, Luciano Anderson de ","SOUZA, L A ","SOUZA, L. A. "
Luciano Ferraz,"FERRAZ, Luciano ","FERRAZ, L ","FERRAZ, L. "
Luciano Martinez,"MARTINEZ, Luciano ","MARTINEZ, L ","MARTINEZ, L. "
Lucio Delfino,"DELFINO, Lucio ","DELFINO, L ","DELFINO, L. "
Luis Alberto Gurgel de Faria,"FARIA, Luis Alberto Gurgel de ","FARIA, L A G ","FARIA, L. A. G. "
Luis Eduardo Simardi Fernandes,"FERNANDES, Luis Eduardo Simardi ","FERNANDES, L E S ","FERNANDES, L. E. S. "
Luis Fernando Prado,"PRADO, Luis Fernando ","PRADO, L F ","PRADO, L. F. "
Luis Greco,"GRECO, Luis ","GRECO, L ","GRECO, L. "
Luis Otavio Sequeira de Cerqueira,"CERQUEIRA, Luis Otavio Sequeira de ","CERQUEIRA, L O S ","CERQUEIRA, L. O. S. "
Luis Tutomu Kubota,"KUBOTA, Luis Tutomu ","KUBOTA, L T ","KUBOTA, L. T. "
Luiz Alberto Gurgel de Faria,"FARIA, Luiz Alberto Gurgel de ","FARIA, L A G ","FARIA, L. A. G. "
Luiz Eduardo de Almeida,"ALMEIDA, Luiz Eduardo de ","ALMEIDA, L E ","ALMEIDA, L. E. "
Luiz Fernando Afonso,"AFONSO, Luiz Fernando ","AFONSO, L F ","AFONSO, L. F. "
Luiz Fernando do Vale de Almeida Guilherme,"GUILHERME, Luiz Fernando do Vale de Almeida ","GUILHERME, L F V A ","GUILHERME, L. F. V. A. "
Luiz Fernando Marrey Moncau,"MONCAU, Luiz Fernando Marrey ","MONCAU, L F M ","MONCAU, L. F. M. "
Luiz Guilherme Marinoni,"MARINONI, Luiz Guilherme ","MARINONI, L G ","MARINONI, L. G. "
Luiz Gulherme Marinoni,"MARINONI, Luiz Gulherme ","MARINONI, L G ","MARINONI, L. G. "
Luiz Manoel Gomes Junior,"GOMES JUNIOR, Luiz Manoel ","GOMES JUNIOR, L M ","GOMES JUNIOR, L. M. "
Luiza Leite,"LEITE, Luiza ","LEITE, L ","LEITE, L. "
Maira de Camargo Sant'Ana,"SANT'ANA, Maira de Camargo ","SANT'ANA, M C ","SANT'ANA, M. C. "
Mairam Maia,"MAIA, Mairam ","MAIA, M ","MAIA, M. "
Mairan Goncalves Maia Junior,"MAIA JUNIOR, Mairan Goncalves ","MAIA JUNIOR, M G ","MAIA JUNIOR, M. G. "
Manoel de Queiroz Pereira Calcas,"CALCAS, Manoel de Queiroz Pereira ","CALCAS, M Q P ","CALCAS, M. Q. P. "
Manoel Justino Bezerra Filho,"BEZERRA FILHO, Manoel Justino ","BEZERRA FILHO, M J ","BEZERRA FILHO, M. J. "
Manoel Pedro Pimentel,"PIMENTEL, Manoel Pedro ","PIMENTEL, M P ","PIMENTEL, M. P. "
Marcel Citro de Azevedo,"AZEVEDO, Marcel Citro de ","AZEVEDO, M C ","AZEVEDO, M. C. "
Marcel Leonardi,"LEONARDI, Marcel ","LEONARDI, M ","LEONARDI, M. "
Marcello Pietro Iacomini,"IACOMINI, Marcello Pietro ","IACOMINI, M P ","IACOMINI, M. P. "
Marcelo Benacchio,"BENACCHIO, Marcelo ","BENACCHIO, M ","BENACCHIO, M. "
Marcelo Crespo,"CRESPO, Marcelo ","CRESPO, M ","CRESPO, M. "
Marcelo Guedes Nunes,"NUNES, Marcelo Guedes ","NUNES, M G ","NUNES, M. G. "
Marcelo Guerra Martins,"MARTINS, Marcelo Guerra ","MARTINS, M G ","MARTINS, M. G. "
Marcelo Harger,"HARGER, Marcelo ","HARGER, M ","HARGER, M. "
Marcelo Jose Magalhaes Bonizzi,"BONIZZI, Marcelo Jose Magalhaes ","BONIZZI, M J M ","BONIZZI, M. J. M. "
Marcelo M. Bertoldi,"BERTOLDI, Marcelo M. ","BERTOLDI, M M ","BERTOLDI, M. M. "
Marcelo Romao Marineli,"MARINELI, Marcelo Romao ","MARINELI, M R ","MARINELI, M. R. "
Marcelo Xavier de Freitas Crespo,"CRESPO, Marcelo Xavier de Freitas ","CRESPO, M X F ","CRESPO, M. X. F. "
Marcia Carla Pereira Ribeiro,"RIBEIRO, Marcia Carla Pereira ","RIBEIRO, M C P ","RIBEIRO, M. C. P. "
Marcia Cristina de Souza Wrobel,"WROBEL, Marcia Cristina de Souza ","WROBEL, M C S ","WROBEL, M. C. S. "
Marcio Bellocchi,"BELLOCCHI, Marcio ","BELLOCCHI, M ","BELLOCCHI, M. "
Marcio Cammarosano,"CAMMAROSANO, Marcio ","CAMMAROSANO, M ","CAMMAROSANO, M. "
Marcio Carvalho Faria,"FARIA, Marcio Carvalho ","FARIA, M C ","FARIA, M. C. "
Marcio Cots,"COTS, Marcio ","COTS, M ","COTS, M. "
Marco Antonio Rodrigues,"RODRIGUES, Marco Antonio ","RODRIGUES, M A ","RODRIGUES, M. A. "
Marco Fabio Morsello,"MORSELLO, Marco Fabio ","MORSELLO, M F ","MORSELLO, M. F. "
Marco Felix Jobim,"JOBIM, Marco Felix ","JOBIM, M F ","JOBIM, M. F. "
Marco Praxedes,"PRAXEDES, Marco ","PRAXEDES, M ","PRAXEDES, M. "
Marco Praxedes Fabio Andre Uema Oliveira,"OLIVEIRA, Marco Praxedes Fabio Andre Uema ","OLIVEIRA, M P F A U ","OLIVEIRA, M. P. F. A. U. "
Marcos de Araujo Cavalcanti,"CAVALCANTI, Marcos de Araujo ","CAVALCANTI, M A ","CAVALCANTI, M. A. "
Marcus Vinicius Motter Borges,"BORGES, Marcus Vinicius Motter ","BORGES, M V M ","BORGES, M. V. M. "
Maria Carolina Nery,"NERY, Maria Carolina ","NERY, M C ","NERY, M. C. "
Maria Eugenia Finkelstein,"FINKELSTEIN, Maria Eugenia ","FINKELSTEIN, M E ","FINKELSTEIN, M. E. "
Maria Fernanda Cury,"CURY, Maria Fernanda ","CURY, M F ","CURY, M. F. "
Maria Gabriela Grings,"GRINGS, Maria Gabriela ","GRINGS, M G ","GRINGS, M. G. "
Maria Jose Giannella Cataldi,"CATALDI, Maria Jose Giannella ","CATALDI, M J G ","CATALDI, M. J. G. "
Maria Lucia Lins Conceicao,"CONCEICAO, Maria Lucia Lins ","CONCEICAO, M L L ","CONCEICAO, M. L. L. "
Maria Stella Gregori,"GREGORI, Maria Stella ","GREGORI, M S ","GREGORI, M. S. "
Maria Sylvia Zanella Di Pietro,"PIETRO, Maria Sylvia Zanella Di ","PIETRO, M S Z D ","PIETRO, M. S. Z. D. "
Maria T. Carolina de Souza Gouveia,"GOUVEIA, Maria T. Carolina de Souza ","GOUVEIA, M T C S ","GOUVEIA, M. T. C. S. "
Mariana Madera Nunes,"NUNES, Mariana Madera ","NUNES, M M ","NUNES, M. M. "
Marina Pinhao Coelho Araujo,"ARAUJO, Marina Pinhao Coelho ","ARAUJO, M P C ","ARAUJO, M. P. C. "
Marinho Dembinski Kern,"KERN, Marinho Dembinski ","KERN, M D ","KERN, M. D. "
Mario Viola,"VIOLA, Mario ","VIOLA, M ","VIOLA, M. "
Marta Maria R. Penteado Gueller,"GUELLER, Marta Maria R. Penteado ","GUELLER, M M R P ","GUELLER, M. M. R. P. "
Mateus Aimore Carreteiro,"CARRETEIRO, Mateus Aimore ","CARRETEIRO, M A ","CARRETEIRO, M. A. "
Mateus Bertoncini,"BERTONCINI, Mateus ","BERTONCINI, M ","BERTONCINI, M. "
Mauricio Bunazar,"BUNAZAR, Mauricio ","BUNAZAR, M ","BUNAZAR, M. "
Mauricio Golfette de Paula,"PAULA, Mauricio Golfette de ","PAULA, M G ","PAULA, M. G. "
Mauricio Tamer,"TAMER, Mauricio ","TAMER, M ","TAMER, M. "
Mauro Hidalgo,"HIDALGO, Mauro ","HIDALGO, M ","HIDALGO, M. "
Maykel Ponconi,"PONCONI, Maykel ","PONCONI, M ","PONCONI, M. "
Melitha Novoa Prado,"PRADO, Melitha Novoa ","PRADO, M N ","PRADO, M. N. "
Miguel Kfouri Neto,"KFOURI NETO, Miguel ","KFOURI NETO, M ","KFOURI NETO, M. "
Miguel Teixeira de Sousa,"SOUSA, Miguel Teixeira de ","SOUSA, M T ","SOUSA, M. T. "
Milena Guerreiro,"GUERREIRO, Milena ","GUERREIRO, M ","GUERREIRO, M. "
Milisa Cristine da Silva,"SILVA, Milisa Cristine da ","SILVA, M C ","SILVA, M. C. "
Milisa Cristine Romera,"ROMERA, Milisa Cristine ","ROMERA, M C ","ROMERA, M. C. "
Milisa Cristine Silva,"SILVA, Milisa Cristine ","SILVA, M C ","SILVA, M. C. "
Milton Paulo de Carvalho Filho,"CARVALHO FILHO, Milton Paulo de ","CARVALHO FILHO, M P ","CARVALHO FILHO, M. P. "
Mima Cianci,"CIANCI, Mima ","CIANCI, M ","CIANCI, M. "
Modesto Carvalhosa,"CARVALHOSA, Modesto ","CARVALHOSA, M ","CARVALHOSA, M. "
Monica Bonetti Couto,"COUTO, Monica Bonetti ","COUTO, M B ","COUTO, M. B. "
Monica Steffen Guise Rosina,"ROSINA, Monica Steffen Guise ","ROSINA, M S G ","ROSINA, M. S. G. "
Murillo Giordan Santos,"SANTOS, Murillo Giordan ","SANTOS, M G ","SANTOS, M. G. "
Nadia Andreotti Tuchumantel Hackerott,"HACKEROTT, Nadia Andreotti Tuchumantel ","HACKEROTT, N A T ","HACKEROTT, N. A. T. "
Nadia de Araujo,"ARAUJO, Nadia de ","ARAUJO, N ","ARAUJO, N. "
Nadja Lucia de Carvalho Barreto,"BARRETO, Nadja Lucia de Carvalho ","BARRETO, N L C ","BARRETO, N. L. C. "
Nancy Andrighi,"ANDRIGHI, Nancy ","ANDRIGHI, N ","ANDRIGHI, N. "
Nao se aplica,"APLICA, Nao se ","APLICA, N s ","APLICA, N. s. "
Natascha Trennepohl,"TRENNEPOHL, Natascha ","TRENNEPOHL, N ","TRENNEPOHL, N. "
Nathalia Regina Pinto,"PINTO, Nathalia Regina ","PINTO, N R ","PINTO, N. R. "
Nelson Nery Jr,"NERY JR, Nelson ","NERY JR, N ","NERY JR, N. "
Nelson Nery Jr.,"JR., Nelson Nery ","JR, N N ","JR., N. N. "
Nelson Nery Junior,"NERY JUNIOR, Nelson ","NERY JUNIOR, N ","NERY JUNIOR, N. "
Neviton de Oliveira Batista Guedes,"GUEDES, Neviton de Oliveira Batista ","GUEDES, N O B ","GUEDES, N. O. B. "
Ney Maranhao,"MARANHAO, Ney ","MARANHAO, N ","MARANHAO, N. "
Norma Jonssen Parente,"PARENTE, Norma Jonssen ","PARENTE, N J ","PARENTE, N. J. "
Odmir Fernandes,"FERNANDES, Odmir ","FERNANDES, O ","FERNANDES, O. "
Otavio Augusto Dal Molin Domit,"DOMIT, Otavio Augusto Dal Molin ","DOMIT, O A D M ","DOMIT, O. A. D. M. "
Otavio Luiz Rodrigues Junior,"RODRIGUES JUNIOR, Otavio Luiz ","RODRIGUES JUNIOR, O L ","RODRIGUES JUNIOR, O. L. "
Otavio Motta,"MOTTA, Otavio ","MOTTA, O ","MOTTA, O. "
Otavio Venturini,"VENTURINI, Otavio ","VENTURINI, O ","VENTURINI, O. "
Pablo Galas Pedrosa,"PEDROSA, Pablo Galas ","PEDROSA, P G ","PEDROSA, P. G. "
Paloma Mendes Saldanha,"SALDANHA, Paloma Mendes ","SALDANHA, P M ","SALDANHA, P. M. "
Paola de Castro Ribeiro Macedo,"MACEDO, Paola de Castro Ribeiro ","MACEDO, P C R ","MACEDO, P. C. R. "
Paolo Zupo Mazzucato,"MAZZUCATO, Paolo Zupo ","MAZZUCATO, P Z ","MAZZUCATO, P. Z. "
Patricia Bortolucci,"BORTOLUCCI, Patricia ","BORTOLUCCI, P ","BORTOLUCCI, P. "
Patricia Miranda Pizzol,"PIZZOL, Patricia Miranda ","PIZZOL, P M ","PIZZOL, P. M. "
Patricia Peck,"PECK, Patricia ","PECK, P ","PECK, P. "
Patricia Peck Pinheiro,"PINHEIRO, Patricia Peck ","PINHEIRO, P P ","PINHEIRO, P. P. "
Paula Pessoa,"PESSOA, Paula ","PESSOA, P ","PESSOA, P. "
Paula Pessoa Pereira,"PEREIRA, Paula Pessoa ","PEREIRA, P P ","PEREIRA, P. P. "
Paulo Afonso Cavichioli Carmona,"CARMONA, Paulo Afonso Cavichioli ","CARMONA, P A C ","CARMONA, P. A. C. "
Paulo Cesar Conrado,"CONRADO, Paulo Cesar ","CONRADO, P C ","CONRADO, P. C. "
Paulo de Barros Carvalho,"CARVALHO, Paulo de Barros ","CARVALHO, P B ","CARVALHO, P. B. "
Paulo E. Viceconti,"VICECONTI, Paulo E. ","VICECONTI, P E ","VICECONTI, P. E. "
Paulo Eduardo D’Arce Pinheiro,"PINHEIRO, Paulo Eduardo D’Arce ","PINHEIRO, P E D ","PINHEIRO, P. E. D. "
Paulo Eduardo Vilchez Viceconti,"VICECONTI, Paulo Eduardo Vilchez ","VICECONTI, P E V ","VICECONTI, P. E. V. "
Paulo Fernando Campos Salles de Toledo,"TOLEDO, Paulo Fernando Campos Salles de ","TOLEDO, P F C S ","TOLEDO, P. F. C. S. "
Paulo Henrique dos Santos Lucon,"LUCON, Paulo Henrique dos Santos ","LUCON, P H S ","LUCON, P. H. S. "
Paulo Mendes de Oliveira,"OLIVEIRA, Paulo Mendes de ","OLIVEIRA, P M ","OLIVEIRA, P. M. "
Paulo Osternack Amaral,"AMARAL, Paulo Osternack ","AMARAL, P O ","AMARAL, P. O. "
Paulo Pinto de Albuquerque,"ALBUQUERQUE, Paulo Pinto de ","ALBUQUERQUE, P P ","ALBUQUERQUE, P. P. "
Paulo Ricardo Schier,"SCHIER, Paulo Ricardo ","SCHIER, P R ","SCHIER, P. R. "
Paulo Vidigal,"VIDIGAL, Paulo ","VIDIGAL, P ","VIDIGAL, P. "
Pedro Gallotti Kenicke,"KENICKE, Pedro Gallotti ","KENICKE, P G ","KENICKE, P. G. "
Pedro Miranda de Oliveira,"OLIVEIRA, Pedro Miranda de ","OLIVEIRA, P M ","OLIVEIRA, P. M. "
Pedro Paulo Salles Cristofaro,"CRISTOFARO, Pedro Paulo Salles ","CRISTOFARO, P P S ","CRISTOFARO, P. P. S. "
Phillip Gil Franca,"FRANCA, Phillip Gil ","FRANCA, P G ","FRANCA, P. G. "
Pierluigi Chiassoni,"CHIASSONI, Pierluigi ","CHIASSONI, P ","CHIASSONI, P. "
Pierpaolo Cruz Botinni,"BOTINNI, Pierpaolo Cruz ","BOTINNI, P C ","BOTINNI, P. C. "
Pierpaolo Cruz Bottini,"BOTTINI, Pierpaolo Cruz ","BOTTINI, P C ","BOTTINI, P. C. "
Primo Alfredo Brandimiller,"BRANDIMILLER, Primo Alfredo ","BRANDIMILLER, P A ","BRANDIMILLER, P. A. "
Priscila Alves Patah,"PATAH, Priscila Alves ","PATAH, P A ","PATAH, P. A. "
Priscila Faricelli de Mendonca,"MENDONCA, Priscila Faricelli de ","MENDONCA, P F ","MENDONCA, P. F. "
Priscila M. P. Correa da Fonseca,"FONSECA, Priscila M. P. Correa da ","FONSECA, P M P C ","FONSECA, P. M. P. C. "
Rafael Brum Miron,"MIRON, Rafael Brum ","MIRON, R B ","MIRON, R. B. "
Rafael de Oliveira Guimaraes,"GUIMARAES, Rafael de Oliveira ","GUIMARAES, R O ","GUIMARAES, R. O. "
Rafael Fecury Nogueira,"NOGUEIRA, Rafael Fecury ","NOGUEIRA, R F ","NOGUEIRA, R. F. "
Rafael Ferreira de Souza,"SOUZA, Rafael Ferreira de ","SOUZA, R F ","SOUZA, R. F. "
Rafael Lara Martins,"MARTINS, Rafael Lara ","MARTINS, R L ","MARTINS, R. L. "
Rafael Madaleno,"MADALENO, Rafael ","MADALENO, R ","MADALENO, R. "
Rafael Sirangelo de Abreu,"ABREU, Rafael Sirangelo de ","ABREU, R S ","ABREU, R. S. "
Rafaella Nogaroli,"NOGAROLI, Rafaella ","NOGAROLI, R ","NOGAROLI, R. "
Ralpho Waldo de Barros Monteiro Filho,"MONTEIRO FILHO, Ralpho Waldo de Barros ","MONTEIRO FILHO, R W B ","MONTEIRO FILHO, R. W. B. "
Raphael Miziara,"MIZIARA, Raphael ","MIZIARA, R ","MIZIARA, R. "
Raquel Borges Alves Toscano,"TOSCANO, Raquel Borges Alves ","TOSCANO, R B A ","TOSCANO, R. B. A. "
Raquel Silva Cunha Brunetto,"BRUNETTO, Raquel Silva Cunha ","BRUNETTO, R S C ","BRUNETTO, R. S. C. "
Raul Cervini,"CERVINI, Raul ","CERVINI, R ","CERVINI, R. "
Regina Cirino Alves Ferreira de Souza,"SOUZA, Regina Cirino Alves Ferreira de ","SOUZA, R C A F ","SOUZA, R. C. A. F. "
Renata Ferrari Ferreira,"FERREIRA, Renata Ferrari ","FERREIRA, R F ","FERREIRA, R. F. "
Renato Beneduzi,"BENEDUZI, Renato ","BENEDUZI, R ","BENEDUZI, R. "
Renato Lopes Becho,"BECHO, Renato Lopes ","BECHO, R L ","BECHO, R. L. "
Renato Opice Blum,"BLUM, Renato Opice ","BLUM, R O ","BLUM, R. O. "
Renato Resende Beneduzi,"BENEDUZI, Renato Resende ","BENEDUZI, R R ","BENEDUZI, R. R. "
Renato Stanziola Vieira,"VIEIRA, Renato Stanziola ","VIEIRA, R S ","VIEIRA, R. S. "
Rene Ariel Dotti,"DOTTI, Rene Ariel ","DOTTI, R A ","DOTTI, R. A. "
Rennan Faria Kruger Thamay,"THAMAY, Rennan Faria Kruger ","THAMAY, R F K ","THAMAY, R. F. K. "
Rennan Thamay,"THAMAY, Rennan ","THAMAY, R ","THAMAY, R. "
Revista dos Tribunais,"TRIBUNAIS, Revista dos ","TRIBUNAIS, R ","TRIBUNAIS, R. "
Ricardo Alexandre da Silva,"SILVA, Ricardo Alexandre da ","SILVA, R A ","SILVA, R. A. "
Ricardo Campos,"CAMPOS, Ricardo ","CAMPOS, R ","CAMPOS, R. "
Ricardo Luis Lorenzetti,"LORENZETTI, Ricardo Luis ","LORENZETTI, R L ","LORENZETTI, R. L. "
Ricardo Marques Dip,"DIP, Ricardo Marques ","DIP, R M ","DIP, R. M. "
Ricardo Oliveira,"OLIVEIRA, Ricardo ","OLIVEIRA, R ","OLIVEIRA, R. "
Ricardo Yamin Fernandes,"FERNANDES, Ricardo Yamin ","FERNANDES, R Y ","FERNANDES, R. Y. "
Rita Dias Nolasco,"NOLASCO, Rita Dias ","NOLASCO, R D ","NOLASCO, R. D. "
Robson Passos Caires,"CAIRES, Robson Passos ","CAIRES, R P ","CAIRES, R. P. "
Rodolfo da Costa Manso Real Amadeo,"AMADEO, Rodolfo da Costa Manso Real ","AMADEO, R C M R ","AMADEO, R. C. M. R. "
Rodolfo de Camargo Mancuso,"MANCUSO, Rodolfo de Camargo ","MANCUSO, R C ","MANCUSO, R. C. "
Rodrigo Bordalo,"BORDALO, Rodrigo ","BORDALO, R ","BORDALO, R. "
Rodrigo Bordalo Rodrigues,"RODRIGUES, Rodrigo Bordalo ","RODRIGUES, R B ","RODRIGUES, R. B. "
Rodrigo da Guia Silva,"SILVA, Rodrigo da Guia ","SILVA, R G ","SILVA, R. G. "
Rodrigo Duque Estrada Roig,"ROIG, Rodrigo Duque Estrada ","ROIG, R D E ","ROIG, R. D. E. "
Rodrigo eidelvein do Canto,"CANTO, Rodrigo eidelvein do ","CANTO, R e ","CANTO, R. e. "
Rodrigo Faucz Pereira e Silva,"SILVA, Rodrigo Faucz Pereira e ","SILVA, R F P ","SILVA, R. F. P. "
Rodrigo Gomes de Mendonca Pinheiro,"PINHEIRO, Rodrigo Gomes de Mendonca ","PINHEIRO, R G M ","PINHEIRO, R. G. M. "
Rodrigo Luis Kanayama,"KANAYAMA, Rodrigo Luis ","KANAYAMA, R L ","KANAYAMA, R. L. "
Rodrigo Ramina de Lucca,"LUCCA, Rodrigo Ramina de ","LUCCA, R R ","LUCCA, R. R. "
Rodrigo Trindade de Souza,"SOUZA, Rodrigo Trindade de ","SOUZA, R T ","SOUZA, R. T. "
Rodrigo Xavier Leonardo,"LEONARDO, Rodrigo Xavier ","LEONARDO, R X ","LEONARDO, R. X. "
Rogeria Dotti,"DOTTI, Rogeria ","DOTTI, R ","DOTTI, R. "
Rogeria Fagundes Dotti,"DOTTI, Rogeria Fagundes ","DOTTI, R F ","DOTTI, R. F. "
Rogerio Campos,"CAMPOS, Rogerio ","CAMPOS, R ","CAMPOS, R. "
Rogerio Favreto,"FAVRETO, Rogerio ","FAVRETO, R ","FAVRETO, R. "
Rogerio Licastro Torres de Mello,"MELLO, Rogerio Licastro Torres de ","MELLO, R L T ","MELLO, R. L. T. "
Rogerio Vidal Gandra da Silva Martins,"MARTINS, Rogerio Vidal Gandra da Silva ","MARTINS, R V G S ","MARTINS, R. V. G. S. "
Rolf Madaleno,"MADALENO, Rolf ","MADALENO, R ","MADALENO, R. "
Romulo Ponticelli Giorgi Junior,"GIORGI JUNIOR, Romulo Ponticelli ","GIORGI JUNIOR, R P ","GIORGI JUNIOR, R. P. "
Romulo S. R. Sampaio,"SAMPAIO, Romulo S. R. ","SAMPAIO, R S R ","SAMPAIO, R. S. R. "
Ronaldo Lemos,"LEMOS, Ronaldo ","LEMOS, R ","LEMOS, R. "
Rony Vainzof,"VAINZOF, Rony ","VAINZOF, R ","VAINZOF, R. "
Rosa Maria Barreto Borriello de Andrade Nery,"NERY, Rosa Maria Barreto Borriello de Andrade ","NERY, R M B B A ","NERY, R. M. B. B. A. "
Rosa Maria de Andrade Nery,"NERY, Rosa Maria de Andrade ","NERY, R M A ","NERY, R. M. A. "
Rosa Maria de Andrade Nery.,"NERY., Rosa Maria de Andrade ","NERY, R M A ","NERY., R. M. A. "
RT,"RT, ","RT, ","RT, "
Samuel R. De Oliveira,"OLIVEIRA, Samuel R. De ","OLIVEIRA, S R ","OLIVEIRA, S. R. "
Sandra Paula Tomazi,"TOMAZI, Sandra Paula ","TOMAZI, S P ","TOMAZI, S. P. "
Sandro Gilbert Martins,"MARTINS, Sandro Gilbert ","MARTINS, S G ","MARTINS, S. G. "
Sandro Lucio Dezan,"DEZAN, Sandro Lucio ","DEZAN, S L ","DEZAN, S. L. "
Sandro Marcelo Kozikoski,"KOZIKOSKI, Sandro Marcelo ","KOZIKOSKI, S M ","KOZIKOSKI, S. M. "
Saulo Lindorfer Pivetta,"PIVETTA, Saulo Lindorfer ","PIVETTA, S L ","PIVETTA, S. L. "
Sergio Arenhart,"ARENHART, Sergio ","ARENHART, S ","ARENHART, S. "
Sergio Cruz Arenhart,"ARENHART, Sergio Cruz ","ARENHART, S C ","ARENHART, S. C. "
Sergio Luiz Kukina,"KUKINA, Sergio Luiz ","KUKINA, S L ","KUKINA, S. L. "
Sergio Pinto Martins,"MARTINS, Sergio Pinto ","MARTINS, S P ","MARTINS, S. P. "
Sergio Salomao Shecaira,"SHECAIRA, Sergio Salomao ","SHECAIRA, S S ","SHECAIRA, S. S. "
Shirly Wajsbrot,"WAJSBROT, Shirly ","WAJSBROT, S ","WAJSBROT, S. "
Sidnei Amendoeira Jr,"AMENDOEIRA JR, Sidnei ","AMENDOEIRA JR, S ","AMENDOEIRA JR, S. "
Sidney Bittencourt,"BITTENCOURT, Sidney ","BITTENCOURT, S ","BITTENCOURT, S. "
Silas Silva Santos,"SANTOS, Silas Silva ","SANTOS, S S ","SANTOS, S. S. "
Silverio das Neves,"NEVES, Silverio das ","NEVES, S ","NEVES, S. "
Simone Trento,"TRENTO, Simone ","TRENTO, S ","TRENTO, S. "
Solon Cicero Linhares,"LINHARES, Solon Cicero ","LINHARES, S C ","LINHARES, S. C. "
Susana Gercwolf,"GERCWOLF, Susana ","GERCWOLF, S ","GERCWOLF, S. "
Talden Farias,"FARIAS, Talden ","FARIAS, T ","FARIAS, T. "
Tathiane Piscitelli,"PISCITELLI, Tathiane ","PISCITELLI, T ","PISCITELLI, T. "
Tayna Carneiro,"CARNEIRO, Tayna ","CARNEIRO, T ","CARNEIRO, T. "
Teori Albino Zavascki,"ZAVASCKI, Teori Albino ","ZAVASCKI, T A ","ZAVASCKI, T. A. "
Teori Zavaski,"ZAVASKI, Teori ","ZAVASKI, T ","ZAVASKI, T. "
Terence Trennepohl,"TRENNEPOHL, Terence ","TRENNEPOHL, T ","TRENNEPOHL, T. "
Teresa Arruda Alvim,"ALVIM, Teresa Arruda ","ALVIM, T A ","ALVIM, T. A. "
Teresa Arruda Alvim Wambier,"WAMBIER, Teresa Arruda Alvim ","WAMBIER, T A A ","WAMBIER, T. A. A. "
Thereza Christina Nahas,"NAHAS, Thereza Christina ","NAHAS, T C ","NAHAS, T. C. "
Thereza Nahas,"NAHAS, Thereza ","NAHAS, T ","NAHAS, T. "
Thiago de Moraes Silva,"SILVA, Thiago de Moraes ","SILVA, T M ","SILVA, T. M. "
Thiago Ferreira Siqueira,"SIQUEIRA, Thiago Ferreira ","SIQUEIRA, T F ","SIQUEIRA, T. F. "
Thiago Junqueira,"JUNQUEIRA, Thiago ","JUNQUEIRA, T ","JUNQUEIRA, T. "
Thiago Luis Santos Sombra,"SOMBRA, Thiago Luis Santos ","SOMBRA, T L S ","SOMBRA, T. L. S. "
Thiago Marrara,"MARRARA, Thiago ","MARRARA, T ","MARRARA, T. "
Thiago Taborda Simoes,"SIMOES, Thiago Taborda ","SIMOES, T T ","SIMOES, T. T. "
Thomson Reuters Editorial,"EDITORIAL, Thomson Reuters ","EDITORIAL, T R ","EDITORIAL, T. R. "
Tiago Fensterseifer,"FENSTERSEIFER, Tiago ","FENSTERSEIFER, T ","FENSTERSEIFER, T. "
Ubirajara Costodio Filho,"COSTODIO FILHO, Ubirajara ","COSTODIO FILHO, U ","COSTODIO FILHO, U. "
Valdecyr Maciel Gomes,"GOMES, Valdecyr Maciel ","GOMES, V M ","GOMES, V. M. "
Vander Brusso,"BRUSSO, Vander ","BRUSSO, V ","BRUSSO, V. "
Vanderlei Garcia Junior,"GARCIA JUNIOR, Vanderlei ","GARCIA JUNIOR, V ","GARCIA JUNIOR, V. "
Vanessa Carla Vidutto Berman,"BERMAN, Vanessa Carla Vidutto ","BERMAN, V C V ","BERMAN, V. C. V. "
Vanessa Miranda de Mello Pereira,"PEREIRA, Vanessa Miranda de Mello ","PEREIRA, V M M ","PEREIRA, V. M. M. "
Vicente Bagnoli,"BAGNOLI, Vicente ","BAGNOLI, V ","BAGNOLI, V. "
Vicente de Abreu Amadei,"AMADEI, Vicente de Abreu ","AMADEI, V A ","AMADEI, V. A. "
Victor Carvalho Pinto,"PINTO, Victor Carvalho ","PINTO, V C ","PINTO, V. C. "
Victor Luna Vidal,"VIDAL, Victor Luna ","VIDAL, V L ","VIDAL, V. L. "
Victor Menezes Garcia,"GARCIA, Victor Menezes ","GARCIA, V M ","GARCIA, V. M. "
Vinicius Alves Portela Martins,"MARTINS, Vinicius Alves Portela ","MARTINS, V A P ","MARTINS, V. A. P. "
Vinicius de Freitas Giron,"GIRON, Vinicius de Freitas ","GIRON, V F ","GIRON, V. F. "
Vinicius Gomes de Vasconcellos,"VASCONCELLOS, Vinicius Gomes de ","VASCONCELLOS, V G ","VASCONCELLOS, V. G. "
Vitor de Paula Ramos,"RAMOS, Vitor de Paula ","RAMOS, V P ","RAMOS, V. P. "
Vitor Fonseca,"FONSECA, Vitor ","FONSECA, V ","FONSECA, V. "
Viviane Nobrega Maldonado,"MALDONADO, Viviane Nobrega ","MALDONADO, V N ","MALDONADO, V. N. "
Viviane Siqueira Rodrigues,"RODRIGUES, Viviane Siqueira ","RODRIGUES, V S ","RODRIGUES, V. S. "
Vladimir da Rocha Franca,"FRANCA, Vladimir da Rocha ","FRANCA, V R ","FRANCA, V. R. "
Vladimir Passos de Freitas,"FREITAS, Vladimir Passos de ","FREITAS, V P ","FREITAS, V. P. "
Wagner Balera,"BALERA, Wagner ","BALERA, W ","BALERA, W. "
Waldyr Grisard Filho,"GRISARD FILHO, Waldyr ","GRISARD FILHO, W ","GRISARD FILHO, W. "
Yone Frediani,"FREDIANI, Yone ","FREDIANI, Y ","FREDIANI, Y. "
Yussef Said Cahali,"CAHALI, Yussef Said ","CAHALI, Y S ","CAHALI, Y. S. "
